dag,dataproc_task_id,local_sql,cloud_sql,local_json,cloud_json
gcp_clearance_reset_10976_tech_nap_merch,load_job_2_kafka_to_ldg_2,dags/10976/APP04070-gcp-MFP_kafka_to_TD_IF/sql/clearance_resets/read_kafka_write_teradata.sql,gs://test-data-datametica/app09392/isf-artifacts/sql/clearance_resets/read_kafka_write_teradata.sql,dags/10976/APP04070-gcp-MFP_kafka_to_TD_IF/user-config/development/argument_clearance_reset_10976_tech_nap_merch_load_job_2_kafka_to_ldg_2.json,gs://test-data-datametica/app09392/isf-artifacts/user-config/argument_clearance_reset_10976_tech_nap_merch_load_job_2_kafka_to_ldg_2.json
gcp_mfpc_assortment_country_brand_kafka_to_teradata_10976_tech_nap_merch,assortment_country_brand_read_from_kafka_write_to_s3_v4,dags/10976/APP04070-gcp-MFP_kafka_to_TD_IF/sql/read_assortment_country_brand_from_kafka_write_to_td.sql,gs://test-data-datametica/app09392/isf-artifacts/sql/read_assortment_country_brand_from_kafka_write_to_td.sql,dags/10976/APP04070-gcp-MFP_kafka_to_TD_IF/user-config/development/argument_mfpc_assortment_country_brand_kafka_to_teradata_10976_tech_nap_merch_assortment_country_brand_read_from_kafka_write_to_s3_v4.json,gs://test-data-datametica/app09392/isf-artifacts/user-config/argument_mfpc_assortment_country_brand_kafka_to_teradata_10976_tech_nap_merch_assortment_country_brand_read_from_kafka_write_to_s3_v4.json
gcp_mfpc_financial_country_banner_kafka_to_teradata_v4_10976_tech_nap_merch,read_financial_countrybanner_from_kafka_and_write_to_teradata_job_financial_country_banner_first_exec_002,dags/10976/APP04070-gcp-MFP_kafka_to_TD_IF/sql/read_financial_country_banner_from_kafka_and_write_to_teradata.sql,gs://test-data-datametica/app09392/isf-artifacts/sql/read_financial_country_banner_from_kafka_and_write_to_teradata.sql,dags/10976/APP04070-gcp-MFP_kafka_to_TD_IF/user-config/development/argument_mfpc_financial_country_banner_kafka_to_teradata_v4_10976_tech_nap_merch_read_financial_countrybanner_from_kafka_and_write_to_teradata_job_financial_country_banner_first_exec_002.json,gs://test-data-datametica/app09392/isf-artifacts/user-config/argument_mfpc_financial_country_banner_kafka_to_teradata_v4_10976_tech_nap_merch_read_financial_countrybanner_from_kafka_and_write_to_teradata_job_financial_country_banner_first_exec_002.json
gcp_mfpc_mos_kafka_to_teradata_10976_tech_nap_merch,read_mos_from_kafka_and_write_to_bigquery_job_mos_first_exec_2,dags/10976/APP04070-gcp-MFP_kafka_to_TD_IF/sql/read_mos_from_kafka_and_write_to_bigquery.sql,gs://test-data-datametica/app09392/isf-artifacts/sql/read_mos_from_kafka_and_write_to_bigquery.sql,dags/10976/APP04070-gcp-MFP_kafka_to_TD_IF/user-config/development/argument_mfpc_mos_kafka_to_bigquery_10976_tech_nap_merch_read_mos_from_kafka_and_write_to_bigquery_job_mos_first_exec_2.json,gs://test-data-datametica/app09392/isf-artifacts/user-config/argument_mfpc_mos_kafka_to_bigquery_10976_tech_nap_merch_read_mos_from_kafka_and_write_to_bigquery_job_mos_first_exec_2.json
gcp_mfpc_return_to_vendor_kafka_to_teradata_10976_tech_nap_merch,read_rtv_from_kafka_and_write_to_bigquery_job_rtv_first_exec_004,dags/10976/APP04070-gcp-MFP_kafka_to_TD_IF/sql/read_rtv_from_kafka_and_write_to_bigquery.sql,gs://test-data-datametica/app09392/isf-artifacts/sql/read_rtv_from_kafka_and_write_to_bigquery.sql,dags/10976/APP04070-gcp-MFP_kafka_to_TD_IF/user-config/development/argument_mfpc_return_to_vendor_kafka_to_bigquery_10976_tech_nap_merch_read_rtv_from_kafka_and_write_to_bigquery_job_rtv_first_exec_004.json,gs://test-data-datametica/app09392/isf-artifacts/user-config/argument_mfpc_return_to_vendor_kafka_to_bigquery_10976_tech_nap_merch_read_rtv_from_kafka_and_write_to_bigquery_job_rtv_first_exec_004.json
gcp_mfpc_spe_ledger_kafka_to_teradata_v1_10976_tech_nap_merch,read_spe_ledger_from_kafka_and_write_to_bigquery_job_spe_ledger_first_exec_04,dags/10976/APP04070-gcp-MFP_kafka_to_TD_IF/sql/read_spe_ledger_from_kafka_and_write_to_s3.sql,gs://test-data-datametica/app09392/isf-artifacts/sql/read_spe_ledger_from_kafka_and_write_to_s3.sql,dags/10976/APP04070-gcp-MFP_kafka_to_TD_IF/user-config/development/argument_mfpc_spe_ledger_kafka_to_teradata_v1_10976_tech_nap_merch_read_spe_ledger_from_kafka_and_write_to_teradata_job_spe_ledger_first_exec_04.json,gs://test-data-datametica/app09392/isf-artifacts/user-config/argument_mfpc_spe_ledger_kafka_to_teradata_v1_10976_tech_nap_merch_read_spe_ledger_from_kafka_and_write_to_teradata_job_spe_ledger_first_exec_04.json
gcp_mfpc_spe_mapping_kafka_to_td_10976_tech_nap_merch,read_spe_mapping_from_kafka_and_write_to_bigquery_job_spe_mapping_first_exec_2,dags/10976/APP04070-gcp-MFP_kafka_to_TD_IF/sql/read_spe_mapping_from_kafka_and_write_to_bigquery.sql,gs://test-data-datametica/app09392/isf-artifacts/sql/read_spe_mapping_from_kafka_and_write_to_bigquery.sql,dags/10976/APP04070-gcp-MFP_kafka_to_TD_IF/user-config/development/argument_mfpc_spe_mapping_kafka_to_td_10976_tech_nap_merch_read_spe_mapping_from_kafka_and_write_to_teradata_job_spe_mapping_first_exec_2.json,gs://test-data-datametica/app09392/isf-artifacts/user-config/argument_mfpc_spe_mapping_kafka_to_td_10976_tech_nap_merch_read_spe_mapping_from_kafka_and_write_to_teradata_job_spe_mapping_first_exec_2.json
gcp_mfpc_transferledger_kafka_to_teradata_10976_tech_nap_merch,read_transferledger_from_kafka_and_write_to_teradata_job_00003,dags/10976/APP04070-gcp-MFP_kafka_to_TD_IF/sql/read_transferledger_from_kafka_write_teradata.sql,gs://test-data-datametica/app09392/isf-artifacts/sql/read_transferledger_from_kafka_write_teradata.sql,dags/10976/APP04070-gcp-MFP_kafka_to_TD_IF/user-config/development/argument_mfpc_transferledger_kafka_to_teradata_10976_tech_nap_merch_read_transferledger_from_kafka_and_write_to_teradata_job_00003.json,gs://test-data-datametica/app09392/isf-artifacts/user-config/argument_mfpc_transferledger_kafka_to_teradata_10976_tech_nap_merch_read_transferledger_from_kafka_and_write_to_teradata_job_00003.json
gcp_mfp_costvarianceledger_kafka_to_teradata_10976_tech_nap_merch,topic_to_s3_read_from_kafka_write_to_s3,dags/10976/APP04070-gcp-MFP_kafka_to_TD_IF/sql/read_cost_variance_ledger_from_kafka_and_write_to_bq.sql,gs://test-data-datametica/app09392/isf-artifacts/sql/read_cost_variance_ledger_from_kafka_and_write_to_bq.sql,dags/10976/APP04070-gcp-MFP_kafka_to_TD_IF/user-config/development/argument_mfp_costvarianceledger_kafka_to_teradata_10976_tech_nap_merch_topic_to_s3_read_from_kafka_write_to_s3.json,gs://test-data-datametica/app09392/isf-artifacts/user-config/argument_mfp_costvarianceledger_kafka_to_teradata_10976_tech_nap_merch_topic_to_s3_read_from_kafka_write_to_s3.json
gcp_mfp_poclaimallowanceledger_kafka_to_teradata_10976_tech_nap_merch,po_claim_allowance_ledger_04_read_from_kafka_write_to_s3_04,dags/10976/APP04070-gcp-MFP_kafka_to_TD_IF/sql/read_po_claim_allowance_ledger_from_kafka_and_write_to_s3.sql,gs://test-data-datametica/app09392/isf-artifacts/sql/read_po_claim_allowance_ledger_from_kafka_and_write_to_s3.sql,dags/10976/APP04070-gcp-MFP_kafka_to_TD_IF/user-config/development/argument_mfp_poclaimallowanceledger_kafka_to_teradata_10976_tech_nap_merch_po_claim_allowance_ledger_04_read_from_kafka_write_to_s3_04.json,gs://test-data-datametica/app09392/isf-artifacts/user-config/argument_mfp_poclaimallowanceledger_kafka_to_teradata_10976_tech_nap_merch_po_claim_allowance_ledger_04_read_from_kafka_write_to_s3_04.json
gcp_mfp_poreceipt_kafka_to_teradata_10976_tech_nap_merch,kafka_to_td_receipt_tpt_load_v1_job_00,dags/10976/APP04070-gcp-MFP_kafka_to_TD_IF/sql/read_poreceipt_kafka_write_s3.sql,gs://test-data-datametica/app09392/isf-artifacts/sql/read_poreceipt_kafka_write_s3.sql,dags/10976/APP04070-gcp-MFP_kafka_to_TD_IF/user-config/development/argument_mfp_poreceipt_kafka_to_teradata_10976_tech_nap_merch_kafka_to_td_receipt_tpt_load_v1_job_00.json,gs://test-data-datametica/app09392/isf-artifacts/user-config/argument_mfp_poreceipt_kafka_to_teradata_10976_tech_nap_merch_kafka_to_td_receipt_tpt_load_v1_job_00.json
gcp_mfp_rtvcostadjustmentledger_kafka_to_teradata_10976_tech_nap_merch,rtv_cost_adjustment_03_read_from_kafka_write_to_s3_03,dags/10976/APP04070-gcp-MFP_kafka_to_TD_IF/sql/read_rtv_cost_adjustment_ledger_from_kafka_and_write_to_s3.sql,gs://test-data-datametica/app09392/isf-artifacts/sql/read_rtv_cost_adjustment_ledger_from_kafka_and_write_to_s3.sql,dags/10976/APP04070-gcp-MFP_kafka_to_TD_IF/user-config/development/argument_mfp_rtvcostadjustmentledger_kafka_to_teradata_10976_tech_nap_merch_rtv_cost_adjustment_03_read_from_kafka_write_to_s3_03.json,gs://test-data-datametica/app09392/isf-artifacts/user-config/argument_mfp_rtvcostadjustmentledger_kafka_to_teradata_10976_tech_nap_merch_rtv_cost_adjustment_03_read_from_kafka_write_to_s3_03.json
gcp_project_mfp_eowsl_kafka_to_td_tpt_10976_tech_nap_merch,read_eowsl_from_kafka_and_write_to_td_job_4,dags/10976/APP04070-gcp-MFP_kafka_to_TD_IF/sql/read_eowsl_from_kafka_and_write_to_s3.sql,gs://test-data-datametica/app09392/isf-artifacts/sql/read_eowsl_from_kafka_and_write_to_s3.sql,dags/10976/APP04070-gcp-MFP_kafka_to_TD_IF/user-config/development/argument_project_mfp_eowsl_kafka_to_td_tpt_10976_tech_nap_merch_read_eowsl_from_kafka_and_write_to_td_job_4.json,gs://test-data-datametica/app09392/isf-artifacts/user-config/argument_project_mfp_eowsl_kafka_to_td_tpt_10976_tech_nap_merch_read_eowsl_from_kafka_and_write_to_td_job_4.json
gcp_project_mfp_reclass_kafka_to_td_tpt_10976_tech_nap_merch,read_reclass_from_kafka_and_write_to_bigquery_job_1,dags/10976/APP04070-gcp-MFP_kafka_to_TD_IF/sql/read_reclass_from_kafka_and_write_to_bq.sql,gs://test-data-datametica/app09392/isf-artifacts/sql/read_reclass_from_kafka_and_write_to_bq.sql,dags/10976/APP04070-gcp-MFP_kafka_to_TD_IF/user-config/development/argument_project_mfp_reclass_kafka_to_td_tpt_10976_tech_nap_merch_read_reclass_from_kafka_and_write_to_bigquery_job_1.json,gs://test-data-datametica/app09392/isf-artifacts/user-config/argument_project_mfp_reclass_kafka_to_td_tpt_10976_tech_nap_merch_read_reclass_from_kafka_and_write_to_bigquery_job_1.json
gcp_ascp_distribution_center_inbound_carton_deduplication_16753_TECH_SC_NAP_insights,kafka_to_orc_v2_load_data,dags/16753/APP02592-gcp-airflow-nsk-insight-framework/sql/ascp_distribution_center_inbound_carton_dedup/kafka_to_orc.sql,gs://test-data-datametica/app09392/isf-artifacts/sql/ascp_distribution_center_inbound_carton_dedup/kafka_to_orc.sql,dags/16753/APP02592-gcp-airflow-nsk-insight-framework/user-config/development/argument_ascp_distribution_center_inbound_carton_deduplication_16753_TECH_SC_NAP_insights_kafka_to_orc_v2_load_data.json,gs://test-data-datametica/app09392/isf-artifacts/user-config/argument_ascp_distribution_center_inbound_carton_deduplication_16753_TECH_SC_NAP_insights_kafka_to_orc_v2_load_data.json
gcp_ascp_distribution_center_inbound_shipment_deduplication_16753_TECH_SC_NAP_insights,kafka_to_orc_load_data,dags/16753/APP02592-gcp-airflow-nsk-insight-framework/sql/ascp_distribution_center_inbound_shipment_deduplication/kafka_to_orc.sql,gs://test-data-datametica/app09392/isf-artifacts/sql/ascp_distribution_center_inbound_shipment_deduplication/kafka_to_orc.sql,dags/16753/APP02592-gcp-airflow-nsk-insight-framework/user-config/development/argument_ascp_distribution_center_inbound_shipment_deduplication_16753_TECH_SC_NAP_insights_kafka_to_orc_load_data.json,gs://test-data-datametica/app09392/isf-artifacts/user-config/argument_ascp_distribution_center_inbound_shipment_deduplication_16753_TECH_SC_NAP_insights_kafka_to_orc_load_data.json
gcp_ascp_fc_product_in_storage_change_16753_TECH_SC_NAP_insights,kafka_load_02_kafka,dags/16753/APP02592-gcp-airflow-nsk-insight-framework/sql/ascp_fc_product_in_storage_change/read_fc_product_in_storage_change_kafka_to_bigquery.sql,gs://test-data-datametica/app09392/isf-artifacts/sql/ascp_fc_product_in_storage_change/read_fc_product_in_storage_change_kafka_to_bigquery.sql,dags/16753/APP02592-gcp-airflow-nsk-insight-framework/user-config/development/argument_ascp_fc_product_in_storage_change_16753_TECH_SC_NAP_insights_kafka_load_02_kafka.json,gs://test-data-datametica/app09392/isf-artifacts/user-config/argument_ascp_fc_product_in_storage_change_16753_TECH_SC_NAP_insights_kafka_load_02_kafka.json
gcp_ascp_fulfillment_center_outbound_transfer_lifecycle_orc_deduplication_16753_TECH_SC_NAP_insights,kafka_to_orc_load_data_to_tmp,dags/16753/APP02592-gcp-airflow-nsk-insight-framework/sql/ascp_fulfillment_center_outbound_transfer_lifecycle_orc_deduplication/kafka_to_orc.sql,gs://test-data-datametica/app09392/isf-artifacts/sql/ascp_fulfillment_center_outbound_transfer_lifecycle_orc_deduplication/kafka_to_orc.sql,dags/16753/APP02592-gcp-airflow-nsk-insight-framework/user-config/development/argument_ascp_fulfillment_center_outbound_transfer_lifecycle_orc_deduplication_16753_TECH_SC_NAP_insights_kafka_to_orc_load_data_to_tmp.json,gs://test-data-datametica/app09392/isf-artifacts/user-config/argument_ascp_fulfillment_center_outbound_transfer_lifecycle_orc_deduplication_16753_TECH_SC_NAP_insights_kafka_to_orc_load_data_to_tmp.json
gcp_nrlt_dc_internal_transfer_lifecycle_16753_TECH_SC_NAP_insights,kafka_load_02_kafka,dags/16753/APP02592-gcp-airflow-nsk-insight-framework/sql/nrlt_dc_internal_transfer/read_dc_internal_transfer_kafka_to_bigquery.sql,gs://test-data-datametica/app09392/isf-artifacts/sql/nrlt_dc_internal_transfer/read_dc_internal_transfer_kafka_to_bigquery.sql,dags/16753/APP02592-gcp-airflow-nsk-insight-framework/user-config/development/argument_nrlt_dc_internal_transfer_lifecycle_16753_TECH_SC_NAP_insights_kafka_load_02_kafka.json,gs://test-data-datametica/app09392/isf-artifacts/user-config/argument_nrlt_dc_internal_transfer_lifecycle_16753_TECH_SC_NAP_insights_kafka_load_02_kafka.json
gcp_nrlt_dc_outbound_transfer_lifecycle_16753_TECH_SC_NAP_insights,livy_kafka_load_02_kafka,dags/16753/APP02592-gcp-airflow-nsk-insight-framework/sql/nrlt_dc_outbound_transfer/read_dc_outbound_transfer_kafka_to_bigquery.sql,gs://test-data-datametica/app09392/isf-artifacts/sql/nrlt_dc_outbound_transfer/read_dc_outbound_transfer_kafka_to_bigquery.sql,dags/16753/APP02592-gcp-airflow-nsk-insight-framework/user-config/development/argument_nrlt_dc_outbound_transfer_lifecycle_16753_TECH_SC_NAP_insights_kafka_load_02_kafka.json,gs://test-data-datametica/app09392/isf-artifacts/user-config/argument_nrlt_dc_outbound_transfer_lifecycle_16753_TECH_SC_NAP_insights_kafka_load_02_kafka.json
gcp_nrlt_wm_inbound_carton_lifecycle_16753_TECH_SC_NAP_insights,kafka_load_02_kafka,dags/16753/APP02592-gcp-airflow-nsk-insight-framework/sql/nrlt_wm_inbound_carton/read_wm_inbound_carton_kafka_to_bigquery.sql,gs://test-data-datametica/app09392/isf-artifacts/sql/nrlt_wm_inbound_carton/read_wm_inbound_carton_kafka_to_bigquery.sql,dags/16753/APP02592-gcp-airflow-nsk-insight-framework/user-config/development/argument_nrlt_wm_inbound_carton_lifecycle_16753_TECH_SC_NAP_insights_kafka_load_02_kafka.json,gs://test-data-datametica/app09392/isf-artifacts/user-config/argument_nrlt_wm_inbound_carton_lifecycle_16753_TECH_SC_NAP_insights_kafka_load_02_kafka.json
gcp_nrlt_wm_inbound_carton_sku_detail_fact_16753_TECH_SC_NAP_insights,kafka_load_02_kafka,dags/16753/APP02592-gcp-airflow-nsk-insight-framework/sql/nrlt_wm_inbound_carton_sku_detail_fact/read_wm_inbound_carton_kafka_to_teradata.sql,gs://test-data-datametica/app09392/isf-artifacts/sql/nrlt_wm_inbound_carton_sku_detail_fact/read_wm_inbound_carton_kafka_to_teradata.sql,dags/16753/APP02592-gcp-airflow-nsk-insight-framework/user-config/development/argument_nrlt_wm_inbound_carton_sku_detail_fact_16753_TECH_SC_NAP_insights_kafka_load_02_kafka.json,gs://test-data-datametica/app09392/isf-artifacts/user-config/argument_nrlt_wm_inbound_carton_sku_detail_fact_16753_TECH_SC_NAP_insights_kafka_load_02_kafka.json
gcp_ascp_rms_all_inventory_stock_quantity_load_v1_16780_TECH_SC_NAP_insights,dataproc_rms_all_inventory_stock_quantity_load_V1_kafka_orc_load_1_v3,dags/16780/APP08983-gcp-isf-nsk-airflow-dags/sql/ascp_rms_all_inventory_stock_quantity_load_v1/read_rms_inventory_stock_quantity_from_kafka_to_orc.sql,gs://test-data-datametica/app09392/isf-artifacts/sql/ascp_rms_all_inventory_stock_quantity_load_v1/read_rms_inventory_stock_quantity_from_kafka_to_orc.sql,dags/16780/APP08983-gcp-isf-nsk-airflow-dags/user-config/development/argument_ascp_rms_all_inventory_stock_quantity_load_v1_16780_TECH_SC_NAP_insights_rms_all_inventory_stock_quantity_load_V1_kafka_orc_load_1_v3.json,gs://test-data-datametica/app09392/isf-artifacts/user-config/argument_ascp_rms_all_inventory_stock_quantity_load_v1_16780_TECH_SC_NAP_insights_rms_all_inventory_stock_quantity_load_V1_kafka_orc_load_1_v3.json
gcp_ascp_ihub_refresh_v1_16780_TECH_SC_NAP_insights,kafka_load_kafka,dags/16780/APP08983-gcp-isf-nsk-airflow-dags/sql/ascp_ihub_refresh_v1/read_inventory_stock_quantity_physical_kafka_to_teradata.sql,gs://test-data-datametica/app09392/isf-artifacts/sql/ascp_ihub_refresh_v1/read_inventory_stock_quantity_physical_kafka_to_teradata.sql,dags/16780/APP08983-gcp-isf-nsk-airflow-dags/user-config/development/argument_ascp_ihub_refresh_v1_16780_TECH_SC_NAP_insights_kafka_load_kafka.json,gs://test-data-datametica/app09392/isf-artifacts/user-config/argument_ascp_ihub_refresh_v1_16780_TECH_SC_NAP_insights_kafka_load_kafka.json
gcp_ascp_inventory_adjustment_logical_16780_TECH_SC_NAP_insights,internal_shipment_load_02_kafka,dags/16780/APP08983-gcp-isf-nsk-airflow-dags/sql/ascp_inventory_adjustment_logical/read_inventory_adjustment_logical_from_kafka_to_teradata.sql,gs://test-data-datametica/app09392/isf-artifacts/sql/ascp_inventory_adjustment_logical/read_inventory_adjustment_logical_from_kafka_to_teradata.sql,dags/16780/APP08983-gcp-isf-nsk-airflow-dags/user-config/development/argument_ascp_inventory_adjustment_logical_16780_TECH_SC_NAP_insights_inventory_adjustment_logical_load_load_02_kafka.json,gs://test-data-datametica/app09392/isf-artifacts/user-config/argument_ascp_inventory_adjustment_logical_16780_TECH_SC_NAP_insights_inventory_adjustment_logical_load_load_02_kafka.json
gcp_ascp_inventory_stock_quantity_v0_kafka_to_orc_16780_TECH_SC_NAP_insights,kafka_to_orc_isq_full_kafka_to_orc,dags/16780/APP08983-gcp-isf-nsk-airflow-dags/sql/ascp_inventory_stock_quantity_v0_kafka_to_orc/kafka_to_orc.sql,gs://test-data-datametica/app09392/isf-artifacts/sql/ascp_inventory_stock_quantity_v0_kafka_to_orc/kafka_to_orc.sql,dags/16780/APP08983-gcp-isf-nsk-airflow-dags/user-config/development/argument_ascp_inventory_stock_quantity_v0_kafka_to_orc_16780_TECH_SC_NAP_insights_kafka_to_orc_isq_full_kafka_to_orc.json,gs://test-data-datametica/app09392/isf-artifacts/user-config/argument_ascp_inventory_stock_quantity_v0_kafka_to_orc_16780_TECH_SC_NAP_insights_kafka_to_orc_isq_full_kafka_to_orc.json
gcp_ascp_po_receipt_v1_16780_TECH_SC_NAP_insights,po_receipt_load_load_02_kafka,dags/16780/APP08983-gcp-isf-nsk-airflow-dags/sql/ascp_po_receipt_v1/read_po_receipt_kafka_to_teradata.sql,gs://test-data-datametica/app09392/isf-artifacts/sql/ascp_po_receipt_v1/read_po_receipt_kafka_to_teradata.sql,dags/16780/APP08983-gcp-isf-nsk-airflow-dags/user-config/development/argument_ascp_po_receipt_v1_16780_TECH_SC_NAP_insights_po_receipt_load_load_02_kafka.json,gs://test-data-datametica/app09392/isf-artifacts/user-config/argument_ascp_po_receipt_v1_16780_TECH_SC_NAP_insights_po_receipt_load_load_02_kafka.json
gcp_ascp_rms_cost_rtv_16780_TECH_SC_NAP_insights,kafka_load_kafka,dags/16780/APP08983-gcp-isf-nsk-airflow-dags/sql/ascp_rms_cost_rtv/read_rms_cost_rtv_from_kafka_to_teradata.sql,gs://test-data-datametica/app09392/isf-artifacts/sql/ascp_rms_cost_rtv/read_rms_cost_rtv_from_kafka_to_teradata.sql,dags/16780/APP08983-gcp-isf-nsk-airflow-dags/user-config/development/argument_ascp_rms_cost_rtv_16780_TECH_SC_NAP_insights_kafka_load_kafka.json,gs://test-data-datametica/app09392/isf-artifacts/user-config/argument_ascp_rms_cost_rtv_16780_TECH_SC_NAP_insights_kafka_load_kafka.json
gcp_ascp_rms_cost_rtv_kafka_to_orc_16780_TECH_SC_NAP_insights,kafka_to_bq_load,dags/16780/APP08983-gcp-isf-nsk-airflow-dags/sql/ascp_rms_cost_rtv_kafka_to_orc/kafka_to_orc.sql,gs://test-data-datametica/app09392/isf-artifacts/sql/ascp_rms_cost_rtv_kafka_to_orc/kafka_to_orc.sql,dags/16780/APP08983-gcp-isf-nsk-airflow-dags/user-config/development/argument_ascp_rms_cost_rtv_kafka_to_orc_16780_TECH_SC_NAP_insights_kafka_to_orc_load.json,gs://test-data-datametica/app09392/isf-artifacts/user-config/argument_ascp_rms_cost_rtv_kafka_to_orc_16780_TECH_SC_NAP_insights_kafka_to_orc_load.json
gcp_ascp_rms_cost_transfers_16780_TECH_SC_NAP_insights,kafka_load_02_kafka,dags/16780/APP08983-gcp-isf-nsk-airflow-dags/sql/ascp_rms_cost_transfers/read_rms_cost_transfers_from_kafka_to_bigquery.sql,gs://test-data-datametica/app09392/isf-artifacts/sql/ascp_rms_cost_transfers/read_rms_cost_transfers_from_kafka_to_bigquery.sql,dags/16780/APP08983-gcp-isf-nsk-airflow-dags/user-config/development/argument_ascp_rms_cost_transfers_16780_TECH_SC_NAP_insights_kafka_load_02_kafka.json,gs://test-data-datametica/app09392/isf-artifacts/user-config/argument_ascp_rms_cost_transfers_16780_TECH_SC_NAP_insights_kafka_load_02_kafka.json
gcp_ascp_rtv_logical_16780_TECH_SC_NAP_insights,rtv_logical_load_02_kafka,dags/16780/APP08983-gcp-isf-nsk-airflow-dags/sql/ascp_rtv_logical/read_rtv_logical_kafka_to_bigquery.sql,gs://test-data-datametica/app09392/isf-artifacts/sql/ascp_rtv_logical/read_rtv_logical_kafka_to_bigquery.sql,dags/16780/APP08983-gcp-isf-nsk-airflow-dags/user-config/development/argument_ascp_rtv_logical_16780_TECH_SC_NAP_insights_rtv_logical_load_02_kafka.json,gs://test-data-datametica/app09392/isf-artifacts/user-config/argument_ascp_rtv_logical_16780_TECH_SC_NAP_insights_rtv_logical_load_02_kafka.json
gcp_ascp_sales_return_logical_16780_TECH_SC_NAP_insights,kafka_load_kafka,dags/16780/APP08983-gcp-isf-nsk-airflow-dags/sql/ascp_sales_return_logical/kafka_to_teradata.sql,gs://test-data-datametica/app09392/isf-artifacts/sql/ascp_sales_return_logical/kafka_to_teradata.sql,dags/16780/APP08983-gcp-isf-nsk-airflow-dags/user-config/development/argument_ascp_sales_return_logical_16780_TECH_SC_NAP_insights_kafka_load_kafka.json,gs://test-data-datametica/app09392/isf-artifacts/user-config/argument_ascp_sales_return_logical_16780_TECH_SC_NAP_insights_kafka_load_kafka.json
gcp_ascp_transfer_logical_16780_TECH_SC_NAP_insights,kafka_load_02_kafka,dags/16780/APP08983-gcp-isf-nsk-airflow-dags/sql/ascp_transfer_logical/read_transfer_logical_kafka_to_teradata.sql,gs://test-data-datametica/app09392/isf-artifacts/sql/ascp_transfer_logical/read_transfer_logical_kafka_to_teradata.sql,dags/16780/APP08983-gcp-isf-nsk-airflow-dags/user-config/development/argument_ascp_transfer_logical_16780_TECH_SC_NAP_insights_kafka_load_02_kafka.json,gs://test-data-datametica/app09392/isf-artifacts/user-config/argument_ascp_transfer_logical_16780_TECH_SC_NAP_insights_kafka_load_02_kafka.json
gcp_chargeback_lifecycle_kafka_to_orc_td_16780_TECH_SC_NAP_insights,chargeback_lifecycle_v1_kafka_to_orc,dags/16780/APP08983-gcp-isf-nsk-airflow-dags/sql/chargeback_lifecycle/chargeback_kafka_to_orc.sql,gs://test-data-datametica/app09392/isf-artifacts/sql/chargeback_lifecycle/chargeback_kafka_to_orc.sql,dags/16780/APP08983-gcp-isf-nsk-airflow-dags/user-config/development/argument_chargeback_lifecycle_kafka_to_orc_td_16780_TECH_SC_NAP_insights_chargeback_lifecycle_v1_kafka_to_orc.json,gs://test-data-datametica/app09392/isf-artifacts/user-config/argument_chargeback_lifecycle_kafka_to_orc_td_16780_TECH_SC_NAP_insights_chargeback_lifecycle_v1_kafka_to_orc.json
gcp_compliance_date_lifecycle_kafka_to_orc_td_16780_TECH_SC_NAP_insights,compliance_date_lifecycle_v2_kafka_to_orc,dags/16780/APP08983-gcp-isf-nsk-airflow-dags/sql/compliance_date_lifecycle/compliance_date_lifecycle_kafka_to_bq_16780.sql,gs://test-data-datametica/app09392/isf-artifacts/sql/compliance_date_lifecycle/compliance_date_lifecycle_kafka_to_bq_16780.sql,dags/16780/APP08983-gcp-isf-nsk-airflow-dags/user-config/development/argument_compliance_date_lifecycle_kafka_to_bq_16780.json,gs://test-data-datametica/app09392/isf-artifacts/user-config/argument_compliance_date_lifecycle_kafka_to_bq_16780.json
gcp_po_discrepancy_lifecycle_kafka_to_orc_td_16780_TECH_SC_NAP_insights,kafka_to_orc_load,dags/16780/APP08983-gcp-isf-nsk-airflow-dags/sql/po_discrepancy_lifecycle/po_discrepancy_kafka_to_orc.sql,gs://test-data-datametica/app09392/isf-artifacts/sql/po_discrepancy_lifecycle/po_discrepancy_kafka_to_orc.sql,dags/16780/APP08983-gcp-isf-nsk-airflow-dags/user-config/development/argument_po_discrepancy_lifecycle_kafka_to_orc_td_16780_TECH_SC_NAP_insights_kafka_to_orc_load.json,gs://test-data-datametica/app09392/isf-artifacts/user-config/argument_po_discrepancy_lifecycle_kafka_to_orc_td_16780_TECH_SC_NAP_insights_kafka_to_orc_load.json
gcp_po_legacy_kafka_to_orc_td_16780_TECH_SC_NAP_insights,livy_kafka_kafka_to_orc,dags/16780/APP08983-gcp-isf-nsk-airflow-dags/sql/po_legacy/po_legacy_kafka_to_orc.sql,gs://test-data-datametica/app09392/isf-artifacts/sql/po_legacy/po_legacy_kafka_to_orc.sql,dags/16780/APP08983-gcp-isf-nsk-airflow-dags/user-config/development/argument_po_legacy_kafka_to_orc_td_16780_TECH_SC_NAP_insights_kafka_kafka_to_orc.json,gs://test-data-datametica/app09392/isf-artifacts/user-config/argument_po_legacy_kafka_to_orc_td_16780_TECH_SC_NAP_insights_kafka_kafka_to_orc.json
gcp_rms_cost_rtv_v2_kafka_to_teradata_16780_TECH_SC_NAP_insights,kafka_load_02_kafka,dags/16780/APP08983-gcp-isf-nsk-airflow-dags/sql/ascp_rms_cost_rtv_v2/read_rms_cost_rtv_v2_from_kafka_to_teradata.sql,gs://test-data-datametica/app09392/isf-artifacts/sql/ascp_rms_cost_rtv_v2/read_rms_cost_rtv_v2_from_kafka_to_teradata.sql,dags/16780/APP08983-gcp-isf-nsk-airflow-dags/user-config/development/argument_rms_cost_rtv_v2_kafka_to_bq_16780_TECH_SC_NAP_insights_kafka_load_02_kafka.json,gs://test-data-datametica/app09392/isf-artifacts/user-config/argument_rms_cost_rtv_v2_kafka_to_bq_16780_TECH_SC_NAP_insights_kafka_load_02_kafka.json
gcp_wishlist_kafka_to_parquet_17168_styling_styling_insights_kpi,ListItemRemoved_events_to_s3_job_0,dags/17168/APP05039-gcp-stylingisf-config/sql/wl_lir_avro_to_parquet.sql,gs://test-data-datametica/app09392/isf-artifacts/sql/wl_lir_avro_to_parquet.sql,dags/17168/APP05039-gcp-stylingisf-config/user-config/development/argument_wishlist_kafka_to_parquet_17168_styling_styling_insights_kpi_ListItemRemoved_events_to_s3_job_0.json,gs://test-data-datametica/app09392/isf-artifacts/user-config/argument_wishlist_kafka_to_parquet_17168_styling_styling_insights_kpi_ListItemRemoved_events_to_s3_job_0.json
gcp_wishlist_kafka_to_parquet_17168_styling_styling_insights_kpi,ListAddressChanged_events_to_s3_job_0,dags/17168/APP05039-gcp-stylingisf-config/sql/wl_lac_avro_to_parquet.sql,gs://test-data-datametica/app09392/isf-artifacts/sql/wl_lac_avro_to_parquet.sql,dags/17168/APP05039-gcp-stylingisf-config/user-config/development/argument_wishlist_kafka_to_parquet_17168_styling_styling_insights_kpi_ListAddressChanged_events_to_s3_job_0.json,gs://test-data-datametica/app09392/isf-artifacts/user-config/argument_wishlist_kafka_to_parquet_17168_styling_styling_insights_kpi_ListAddressChanged_events_to_s3_job_0.json
gcp_wishlist_kafka_to_parquet_17168_styling_styling_insights_kpi,ListCreated_events_to_s3_job_0,dags/17168/APP05039-gcp-stylingisf-config/sql/wl_lc_avro_to_parquet.sql,gs://test-data-datametica/app09392/isf-artifacts/sql/wl_lc_avro_to_parquet.sql,dags/17168/APP05039-gcp-stylingisf-config/user-config/development/argument_wishlist_kafka_to_parquet_17168_styling_styling_insights_kpi_ListCreated_events_to_s3_job_0.json,gs://test-data-datametica/app09392/isf-artifacts/user-config/argument_wishlist_kafka_to_parquet_17168_styling_styling_insights_kpi_ListCreated_events_to_s3_job_0.json
gcp_wishlist_kafka_to_parquet_17168_styling_styling_insights_kpi,ListDeleted_events_to_s3_job_0,dags/17168/APP05039-gcp-stylingisf-config/sql/wl_ld_avro_to_parquet.sql,gs://test-data-datametica/app09392/isf-artifacts/sql/wl_ld_avro_to_parquet.sql,dags/17168/APP05039-gcp-stylingisf-config/user-config/development/argument_wishlist_kafka_to_parquet_17168_styling_styling_insights_kpi_ListDeleted_events_to_s3_job_0.json,gs://test-data-datametica/app09392/isf-artifacts/user-config/argument_wishlist_kafka_to_parquet_17168_styling_styling_insights_kpi_ListDeleted_events_to_s3_job_0.json
gcp_wishlist_kafka_to_parquet_17168_styling_styling_insights_kpi,ListItemDesiredQuantityChanged_events_to_s3_job_0,dags/17168/APP05039-gcp-stylingisf-config/sql/wl_lidqc_avro_to_parquet.sql,gs://test-data-datametica/app09392/isf-artifacts/sql/wl_lidqc_avro_to_parquet.sql,dags/17168/APP05039-gcp-stylingisf-config/user-config/development/argument_wishlist_kafka_to_parquet_17168_styling_styling_insights_kpi_ListItemDesiredQuantityChanged_events_to_s3_job_0.json,gs://test-data-datametica/app09392/isf-artifacts/user-config/argument_wishlist_kafka_to_parquet_17168_styling_styling_insights_kpi_ListItemDesiredQuantityChanged_events_to_s3_job_0.json
gcp_wishlist_kafka_to_parquet_17168_styling_styling_insights_kpi,ListNameChanged_events_to_s3_job_0,dags/17168/APP05039-gcp-stylingisf-config/sql/wl_lnc_avro_to_parquet.sql,gs://test-data-datametica/app09392/isf-artifacts/sql/wl_lnc_avro_to_parquet.sql,dags/17168/APP05039-gcp-stylingisf-config/user-config/development/argument_wishlist_kafka_to_parquet_17168_styling_styling_insights_kpi_ListNameChanged_events_to_s3_job_0.json,gs://test-data-datametica/app09392/isf-artifacts/user-config/argument_wishlist_kafka_to_parquet_17168_styling_styling_insights_kpi_ListNameChanged_events_to_s3_job_0.json
gcp_wishlist_kafka_to_parquet_17168_styling_styling_insights_kpi,ListSkuItemAdded_events_to_s3_job_0,dags/17168/APP05039-gcp-stylingisf-config/sql/wl_lsia_avro_to_parquet.sql,gs://test-data-datametica/app09392/isf-artifacts/sql/wl_lsia_avro_to_parquet.sql,dags/17168/APP05039-gcp-stylingisf-config/user-config/development/argument_wishlist_kafka_to_parquet_17168_styling_styling_insights_kpi_ListSkuItemAdded_events_to_s3_job_0.json,gs://test-data-datametica/app09392/isf-artifacts/user-config/argument_wishlist_kafka_to_parquet_17168_styling_styling_insights_kpi_ListSkuItemAdded_events_to_s3_job_0.json
gcp_wishlist_kafka_to_parquet_17168_styling_styling_insights_kpi,ListShareKeyGenerated_events_to_s3_job_0,dags/17168/APP05039-gcp-stylingisf-config/sql/wl_lskg_avro_to_parquet.sql,gs://test-data-datametica/app09392/isf-artifacts/sql/wl_lskg_avro_to_parquet.sql,dags/17168/APP05039-gcp-stylingisf-config/user-config/development/argument_wishlist_kafka_to_parquet_17168_styling_styling_insights_kpi_ListShareKeyGenerated_events_to_s3_job_0.json,gs://test-data-datametica/app09392/isf-artifacts/user-config/argument_wishlist_kafka_to_parquet_17168_styling_styling_insights_kpi_ListShareKeyGenerated_events_to_s3_job_0.json
gcp_supplier_size_17216_app06742_DASCLM,load_kafka_to_landing,dags/17216/APP06742-gcp-Isf-Airflow-NSK-DAGs/sql/supplier_size/read_kafka_write_teradata.sql,gs://test-data-datametica/app09392/isf-artifacts/sql/supplier_size/read_kafka_write_teradata.sql,dags/17216/APP06742-gcp-Isf-Airflow-NSK-DAGs/user-config/development/argument_supplier_size_17216_app06742_DASCLM_load_kafka_to_landing.json,gs://test-data-datametica/app09392/isf-artifacts/user-config/argument_supplier_size_17216_app06742_DASCLM_load_kafka_to_landing.json
gcp_supplier_size_17216_app06742_DASCLM,load_kafka_to_landing,dags/17216/APP06742-gcp-Isf-Airflow-NSK-DAGs/sql/supplier_size/supplier_size_17216_app06742_DASCLM_load_read_kafka_write_teradata.sql,gs://test-data-datametica/app09392/isf-artifacts/sql/supplier_size/supplier_size_17216_app06742_DASCLM_load_read_kafka_write_teradata.sql,dags/17216/APP06742-gcp-Isf-Airflow-NSK-DAGs/user-config/production/argument_supplier_size_17216_app06742_DASCLM_load_kafka_to_landing.json,gs://test-data-datametica/app09392/isf-artifacts/user-config/argument_supplier_size_17216_app06742_DASCLM_load_kafka_to_landing.json
gcp_appointment_cart_load_2656_napstore_insights,appointment_cart_v1_load_orc_bq_stg,dags/2656/APP02432-gcp-napstore-insights/sql/appointment_cart_load_orc_and_bigquery_stg.sql,gs://test-data-datametica/app09392/isf-artifacts/sql/appointment_cart_load_orc_and_bigquery_stg.sql,dags/2656/APP02432-gcp-napstore-insights/user-config/development/argument_appointment_cart_load_2656_napstore_insights_appointment_cart_v1_load_orc_bq_stg.json,gs://test-data-datametica/app09392/isf-artifacts/user-config/argument_appointment_cart_load_2656_napstore_insights_appointment_cart_v1_load_orc_bq_stg.json
gcp_booking_load_2656_napstore_insights,booking_load_load_0_stg_table,dags/2656/APP02432-gcp-napstore-insights/sql/booking_load_stg.sql,gs://test-data-datametica/app09392/isf-artifacts/sql/booking_load_stg.sql,dags/2656/APP02432-gcp-napstore-insights/user-config/development/argument_booking_load_2656_napstore_insights_booking_load_load_0_stg_table.json,gs://test-data-datametica/app09392/isf-artifacts/user-config/argument_booking_load_2656_napstore_insights_booking_load_load_0_stg_table.json
gcp_hr_location_events_load_2656_napstore_insights,hr_loc_events_load_0_stg_tables,dags/2656/APP02432-gcp-napstore-insights/sql/hr_location_load_stg.sql,gs://test-data-datametica/app09392/isf-artifacts/sql/hr_location_load_stg.sql,dags/2656/APP02432-gcp-napstore-insights/user-config/development/argument_hr_location_events_load_2656_napstore_insights_hr_loc_events_load_0_stg_tables.json,gs://test-data-datametica/app09392/isf-artifacts/user-config/argument_hr_location_events_load_2656_napstore_insights_hr_loc_events_load_0_stg_tables.json
gcp_hr_organization_events_load_2656_napstore_insights,hr_org_events_load_0_stg_tables,dags/2656/APP02432-gcp-napstore-insights/sql/hr_organization_load_stg.sql,gs://test-data-datametica/app09392/isf-artifacts/sql/hr_organization_load_stg.sql,dags/2656/APP02432-gcp-napstore-insights/user-config/development/argument_hr_organization_events_load_2656_napstore_insights_hr_org_events_load_0_stg_tables.json,gs://test-data-datametica/app09392/isf-artifacts/user-config/argument_hr_organization_events_load_2656_napstore_insights_hr_org_events_load_0_stg_tables.json
gcp_wfm_employee_availability_load_2656_napstore_insights,wfm_employee_availability_load_0_stg_table,dags/2656/APP02432-gcp-napstore-insights/sql/wfm_employee_availability_load_stg.sql,gs://test-data-datametica/app09392/isf-artifacts/sql/wfm_employee_availability_load_stg.sql,dags/2656/APP02432-gcp-napstore-insights/user-config/development/argument_wfm_employee_availability_load_2656_napstore_insights_wfm_employee_availability_load_0_stg_table.json,gs://test-data-datametica/app09392/isf-artifacts/user-config/argument_wfm_employee_availability_load_2656_napstore_insights_wfm_employee_availability_load_0_stg_table.json
gcp_wfm_employee_borrowing_assignment_load_2656_napstore_insights,wfm_employee_borrowing_assignment_0_load_0_stg_table,dags/2656/APP02432-gcp-napstore-insights/sql/wfm_employee_borrowing_assignment_load_stg.sql,gs://test-data-datametica/app09392/isf-artifacts/sql/wfm_employee_borrowing_assignment_load_stg.sql,dags/2656/APP02432-gcp-napstore-insights/user-config/development/argument_wfm_employee_borrowing_assignment_load_2656_napstore_insights_wfm_employee_borrowing_assignment_0_load_0_stg_table.json,gs://test-data-datametica/app09392/isf-artifacts/user-config/argument_wfm_employee_borrowing_assignment_load_2656_napstore_insights_wfm_employee_borrowing_assignment_0_load_0_stg_table.json
gcp_wfm_employee_job_assignment_load_2656_napstore_insights,wfm_employee_job_assignment_0_load_0_stg_table,dags/2656/APP02432-gcp-napstore-insights/sql/wfm_employee_job_assignment_load_stg.sql,gs://test-data-datametica/app09392/isf-artifacts/sql/wfm_employee_job_assignment_load_stg.sql,dags/2656/APP02432-gcp-napstore-insights/user-config/development/argument_wfm_employee_job_assignment_load_2656_napstore_insights_wfm_employee_job_assignment_0_load_0_stg_table.json,gs://test-data-datametica/app09392/isf-artifacts/user-config/argument_wfm_employee_job_assignment_load_2656_napstore_insights_wfm_employee_job_assignment_0_load_0_stg_table.json
gcp_wfm_forecasted_metric_load_2656_napstore_insights,wfm_forecasted_metric_load_load_0_stg_table,dags/2656/APP02432-gcp-napstore-insights/sql/wfm_forecasted_metric_load_stg.sql,gs://test-data-datametica/app09392/isf-artifacts/sql/wfm_forecasted_metric_load_stg.sql,dags/2656/APP02432-gcp-napstore-insights/user-config/development/argument_wfm_forecasted_metric_load_2656_napstore_insights_wfm_forecasted_metric_load_load_0_stg_table.json,gs://test-data-datametica/app09392/isf-artifacts/user-config/argument_wfm_forecasted_metric_load_2656_napstore_insights_wfm_forecasted_metric_load_load_0_stg_table.json
gcp_wfm_ideal_hours_load_2656_napstore_insights,wfm_ideal_hours_load_0_stg_table,dags/2656/APP02432-gcp-napstore-insights/sql/wfm_ideal_hours_load_stg.sql,gs://test-data-datametica/app09392/isf-artifacts/sql/wfm_ideal_hours_load_stg.sql,dags/2656/APP02432-gcp-napstore-insights/user-config/development/argument_wfm_ideal_hours_load_2656_napstore_insights_wfm_ideal_hours_load_0_stg_table.json,gs://test-data-datametica/app09392/isf-artifacts/user-config/argument_wfm_ideal_hours_load_2656_napstore_insights_wfm_ideal_hours_load_0_stg_table.json
gcp_wfm_labor_demand_load_2656_napstore_insights,wfm_labor_demand_load_0_stg_table,dags/2656/APP02432-gcp-napstore-insights/sql/wfm_labor_demand_load_stg.sql,gs://test-data-datametica/app09392/isf-artifacts/sql/wfm_labor_demand_load_stg.sql,dags/2656/APP02432-gcp-napstore-insights/user-config/development/argument_wfm_labor_demand_load_2656_napstore_insights_wfm_labor_demand_load_0_stg_table.json,gs://test-data-datametica/app09392/isf-artifacts/user-config/argument_wfm_labor_demand_load_2656_napstore_insights_wfm_labor_demand_load_0_stg_table.json
gcp_wfm_metric_actual_load_2656_napstore_insights,wfm_metric_actual_load_load_0_stg_table,dags/2656/APP02432-gcp-napstore-insights/sql/wfm_metric_actual_load_stg.sql,gs://test-data-datametica/app09392/isf-artifacts/sql/wfm_metric_actual_load_stg.sql,dags/2656/APP02432-gcp-napstore-insights/user-config/development/argument_wfm_metric_actual_load_2656_napstore_insights_wfm_metric_actual_load_load_0_stg_table.json,gs://test-data-datametica/app09392/isf-artifacts/user-config/argument_wfm_metric_actual_load_2656_napstore_insights_wfm_metric_actual_load_load_0_stg_table.json
gcp_wfm_workforce_employee_load_2656_napstore_insights,wfm_workforce_employee_load_0_stg_table,dags/2656/APP02432-gcp-napstore-insights/sql/wfm_workforce_employee_load_stg.sql,gs://test-data-datametica/app09392/isf-artifacts/sql/wfm_workforce_employee_load_stg.sql,dags/2656/APP02432-gcp-napstore-insights/user-config/development/argument_wfm_workforce_employee_load_2656_napstore_insights_wfm_workforce_employee_load_0_stg_table.json,gs://test-data-datametica/app09392/isf-artifacts/user-config/argument_wfm_workforce_employee_load_2656_napstore_insights_wfm_workforce_employee_load_0_stg_table.json
gcp_wfm_work_shift_load_2656_napstore_insights,wfm_work_shift_0_load_0_stg_table,dags/2656/APP02432-gcp-napstore-insights/sql/wfm_work_shift_load_stg.sql,gs://test-data-datametica/app09392/isf-artifacts/sql/wfm_work_shift_load_stg.sql,dags/2656/APP02432-gcp-napstore-insights/user-config/development/argument_wfm_work_shift_load_2656_napstore_insights_wfm_work_shift_0_load_0_stg_table.json,gs://test-data-datametica/app09392/isf-artifacts/user-config/argument_wfm_work_shift_load_2656_napstore_insights_wfm_work_shift_0_load_0_stg_table.json
gcp_credit_account_teradata_3678_credit_insights,credit_account_kafka_to_bigquery_stg_stage_0_kafka_to_bigquery_stg_job,dags/3678/APP06788-gcp-credit-insights-framework/sql/sparkSql/credit_account_kafka_to_bigquery_stg.sql,gs://test-data-datametica/app09392/isf-artifacts/sql/sparkSql/credit_account_kafka_to_bigquery_stg.sql,dags/3678/APP06788-gcp-credit-insights-framework/user-config/argument_credit_account_bigquery_3678_credit_insights_credit_account_kafka_to_bigquery_stg_stage_0_kafka_to_bigquery_stg_job.json,gs://test-data-datametica/app09392/isf-artifacts/user-config/argument_credit_account_bigquery_3678_credit_insights_credit_account_kafka_to_bigquery_stg_stage_0_kafka_to_bigquery_stg_job.json
gcp_credit_account_teradata_3678_credit_insights,credit_account_kafka_to_bigquery_stg_stage_0_kafka_to_bigquery_stg_job,dags/3678/APP06788-gcp-credit-insights-framework/sql/sparkSql/credit_account_kafka_to_bigquery_stg.sql,gs://test-data-datametica/app09392/isf-artifacts/sql/sparkSql/credit_account_kafka_to_bigquery_stg.sql,dags/3678/APP06788-gcp-credit-insights-framework/user-config/development/argument_credit_account_bigquery_3678_credit_insights_credit_account_kafka_to_bigquery_stg_stage_0_kafka_to_bigquery_stg_job.json,gs://test-data-datametica/app09392/isf-artifacts/user-config/argument_credit_account_bigquery_3678_credit_insights_credit_account_kafka_to_bigquery_stg_stage_0_kafka_to_bigquery_stg_job.json
gcp_credit_application_teradata_3678_credit_insights,credit_application_kafka_to_bigquery_stg_stage_0_kafka_to_bigquery_stg_job,dags/3678/APP06788-gcp-credit-insights-framework/sql/sparkSql/credit_application_kafka_to_bigquery_stg.sql,gs://test-data-datametica/app09392/isf-artifacts/sql/sparkSql/credit_application_kafka_to_bigquery_stg.sql,dags/3678/APP06788-gcp-credit-insights-framework/user-config/argument_credit_application_bigquery_3678_credit_insights_credit_application_kafka_to_bigquery_stg_stage_0_kafka_to_bigquery_stg_job.json,gs://test-data-datametica/app09392/isf-artifacts/user-config/argument_credit_application_bigquery_3678_credit_insights_credit_application_kafka_to_bigquery_stg_stage_0_kafka_to_bigquery_stg_job.json
gcp_credit_application_teradata_3678_credit_insights,credit_application_kafka_to_bigquery_stg_stage_0_kafka_to_bigquery_stg_job,dags/3678/APP06788-gcp-credit-insights-framework/sql/sparkSql/credit_application_kafka_to_bigquery_stg.sql,gs://test-data-datametica/app09392/isf-artifacts/sql/sparkSql/credit_application_kafka_to_bigquery_stg.sql,dags/3678/APP06788-gcp-credit-insights-framework/user-config/development/argument_credit_application_bigquery_3678_credit_insights_credit_application_kafka_to_bigquery_stg_stage_0_kafka_to_bigquery_stg_job.json,gs://test-data-datametica/app09392/isf-artifacts/user-config/argument_credit_application_bigquery_3678_credit_insights_credit_application_kafka_to_bigquery_stg_stage_0_kafka_to_bigquery_stg_job.json
gcp_credit_support_contacted_teradata_3678_credit_insights,credit_support_contacted_kafka_to_bigquery_stg_stage_0_kafka_to_bigquery_stg_job,dags/3678/APP06788-gcp-credit-insights-framework/sql/sparkSql/credit_support_contacted_kafka_to_bigquery_stg.sql,gs://test-data-datametica/app09392/isf-artifacts/sql/sparkSql/credit_support_contacted_kafka_to_bigquery_stg.sql,dags/3678/APP06788-gcp-credit-insights-framework/user-config/argument_credit_support_contacted_bigquery_3678_credit_insights_credit_support_contacted_kafka_to_bigquery_stg_stage_0_kafka_to_bigquery_stg_job.json,gs://test-data-datametica/app09392/isf-artifacts/user-config/argument_credit_support_contacted_bigquery_3678_credit_insights_credit_support_contacted_kafka_to_bigquery_stg_stage_0_kafka_to_bigquery_stg_job.json
gcp_credit_survey_requested_teradata_3678_credit_insights,credit_survey_requested_kafka_to_bigquery_stg_stage_0_kafka_to_bigquery_stg_job,dags/3678/APP06788-gcp-credit-insights-framework/sql/sparkSql/credit_survey_requested_teradata_3678_credit_insights_credit_survey_requested_kafka_to_teradata_stg_stage_0_credit_survey_requested_kafka_to_teradata_stg.sql,s3://tf-nap-prod-credit-payments-isf-airflow/apps/etl_framework/airflow_nsk_dag_job_artifacts/prod/3678/credit/insights/sql/sparkSql/credit_survey_requested_teradata_3678_credit_insights_credit_survey_requested_kafka_to_teradata_stg_stage_0_credit_survey_requested_kafka_to_teradata_stg.sql,dags/3678/APP06788-gcp-credit-insights-framework/user-config/argument_credit_survey_requested_bigquery_3678_credit_insights_credit_survey_requested_kafka_to_bigquery_stg_stage_0_kafka_to_bigquery_stg_job.json,gs://test-data-datametica/app09392/isf-artifacts/user-config/argument_credit_survey_requested_bigquery_3678_credit_insights_credit_survey_requested_kafka_to_bigquery_stg_stage_0_kafka_to_bigquery_stg_job.json
gcp_credit_survey_requested_teradata_3678_credit_insights,credit_survey_requested_kafka_to_bigquery_stg_stage_0_kafka_to_bigquery_stg_job,dags/3678/APP06788-gcp-credit-insights-framework/sql/bigquery/credit_survey_requested_kafka_to_bigquery_stg.sql,gs://test-data-datametica/app09392/isf-artifacts/sql/bigquery/credit_survey_requested_kafka_to_bigquery_stg.sql,dags/3678/APP06788-gcp-credit-insights-framework/user-config/development/argument_credit_survey_requested_bigquery_3678_credit_insights_credit_survey_requested_kafka_to_bigquery_stg_stage_0_kafka_to_bigquery_stg_job.json,gs://test-data-datametica/app09392/isf-artifacts/user-config/argument_credit_survey_requested_bigquery_3678_credit_insights_credit_survey_requested_kafka_to_bigquery_stg_stage_0_kafka_to_bigquery_stg_job.json
gcp_fraud_decision_lifecycle_teradata_4638_payments_insights,livy_fraud_decision_lifecycle_kafka_to_bigquery_stg_stage_0_kafka_to_bigquery_stg_job,dags/4638/APP07420-gcp-payments-insights-framework/sql/fraud_decision_lifecycle_kafka_to_bigquery_stg.sql,gs://test-data-datametica/app09392/isf-artifacts/sql/fraud_decision_lifecycle_kafka_to_bigquery_stg.sql,dags/4638/APP07420-gcp-payments-insights-framework/user-config/development/argument_fraud_decision_lifecycle_bigquery_4638_payments_insights_fraud_decision_lifecycle_kafka_to_bigquery_stg_stage_0_kafka_to_bigquery_stg_job.json,gs://test-data-datametica/app09392/isf-artifacts/user-config/argument_fraud_decision_lifecycle_bigquery_4638_payments_insights_fraud_decision_lifecycle_kafka_to_bigquery_stg_stage_0_kafka_to_bigquery_stg_job.json
gcp_payment_auth_result_teradata_4638_payments_insights,payment_auth_result_kafka_to_bigquery_stg_stage_0_kafka_to_bigquery_stg_job,dags/4638/APP07420-gcp-payments-insights-framework/sql/sparkSql/payment_auth_result_kafka_to_bigquery_stg.sql,gs://test-data-datametica/app09392/isf-artifacts/sql/sparkSql/payment_auth_result_kafka_to_bigquery_stg.sql,dags/4638/APP07420-gcp-payments-insights-framework/user-config/development/argument_payment_auth_result_bigquery_4638_payments_insights_payment_auth_result_kafka_to_bigquery_stg_stage_0_kafka_to_bigquery_stg_job.json,gs://test-data-datametica/app09392/isf-artifacts/user-config/argument_payment_auth_result_bigquery_4638_payments_insights_payment_auth_result_kafka_to_bigquery_stg_stage_0_kafka_to_bigquery_stg_job.json
gcp_payment_auth_teradata_v2_4638_payments_insights,payment_auth_kafka_to_bigquery_stg_stage_kafka_to_bigquery_stg_job,dags/4638/APP07420-gcp-payments-insights-framework/sql/sparkSql/payment_auth_kafka_to_bigquery_stg_v2.sql,gs://test-data-datametica/app09392/isf-artifacts/sql/sparkSql/payment_auth_kafka_to_bigquery_stg_v2.sql,dags/4638/APP07420-gcp-payments-insights-framework/user-config/development/argument_payment_auth_bigquery_v2_4638_payments_insights_payment_auth_kafka_to_bigquery_stg_stage_kafka_to_bigquery_stg_job.json,gs://test-data-datametica/app09392/isf-artifacts/user-config/argument_payment_auth_bigquery_v2_4638_payments_insights_payment_auth_kafka_to_bigquery_stg_stage_kafka_to_bigquery_stg_job.json
gcp_payment_bin_teradata_4638_payments_insights,payment_bin_kafka_to_bigquery_stg_stage_0_kafka_to_bigquery_stg_job,dags/4638/APP07420-gcp-payments-insights-framework/sql/sparkSql/payment_bin_kafka_to_bigquery_stg.sql,gs://test-data-datametica/app09392/isf-artifacts/sql/sparkSql/payment_bin_kafka_to_bigquery_stg.sql,dags/4638/APP07420-gcp-payments-insights-framework/user-config/development/argument_payment_bin_bigquery_4638_payments_insights_payment_bin_kafka_to_bigquery_stg_stage_0_kafka_to_bigquery_stg_job.json,gs://test-data-datametica/app09392/isf-artifacts/user-config/argument_payment_bin_bigquery_4638_payments_insights_payment_bin_kafka_to_bigquery_stg_stage_0_kafka_to_bigquery_stg_job.json
gcp_payment_bin_v2_teradata_4638_payments_insights,payment_bin_v2_kafka_to_bigquery_stg_stage_0_kafka_to_bigquery_stg_job,dags/4638/APP07420-gcp-payments-insights-framework/sql/sparkSql/payment_bin_v2_kafka_to_bigquery_stg.sql,gs://test-data-datametica/app09392/isf-artifacts/sql/sparkSql/payment_bin_v2_kafka_to_bigquery_stg.sql,dags/4638/APP07420-gcp-payments-insights-framework/user-config/development/argument_payment_bin_v2_bigquery_4638_payments_insights_payment_bin_v2_kafka_to_bigquery_stg_stage_0_kafka_to_bigquery_stg_job.json,gs://test-data-datametica/app09392/isf-artifacts/user-config/argument_payment_bin_v2_bigquery_4638_payments_insights_payment_bin_v2_kafka_to_bigquery_stg_stage_0_kafka_to_bigquery_stg_job.json
gcp_payment_qr_code_lifecycle_teradata_4638_payments_insights,payment_qr_code_lifecycle_kafka_to_bigquery_stg_stage_0_kafka_to_bigquery_stg_job,dags/4638/APP07420-gcp-payments-insights-framework/sql/sparkSql/payment_qr_code_lifecycle_kafka_to_bigquery_stg.sql,gs://test-data-datametica/app09392/isf-artifacts/sql/sparkSql/payment_qr_code_lifecycle_kafka_to_bigquery_stg.sql,dags/4638/APP07420-gcp-payments-insights-framework/user-config/development/argument_payment_qr_code_lifecycle_bigquery_4638_payments_insights_payment_qr_code_lifecycle_kafka_to_bigquery_stg_stage_0_kafka_to_bigquery_stg_job.json,gs://test-data-datametica/app09392/isf-artifacts/user-config/argument_payment_qr_code_lifecycle_bigquery_4638_payments_insights_payment_qr_code_lifecycle_kafka_to_bigquery_stg_stage_0_kafka_to_bigquery_stg_job.json
gcp_payment_settlement_intent_teradata_4638_payments_insights,payment_settlement_intent_kafka_to_bigquery_stg_stage_0_kafka_to_bigquery_stg_job,dags/4638/APP07420-gcp-payments-insights-framework/sql/sparkSql/payment_settlement_intent_kafka_to_bigquery_stg.sql,gs://test-data-datametica/app09392/isf-artifacts/sql/sparkSql/payment_settlement_intent_kafka_to_bigquery_stg.sql,dags/4638/APP07420-gcp-payments-insights-framework/user-config/development/argument_payment_settlement_intent_bigquery_4638_payments_insights_payment_settlement_intent_kafka_to_bigquery_stg_stage_0_kafka_to_bigquery_stg_job.json,gs://test-data-datametica/app09392/isf-artifacts/user-config/argument_payment_settlement_intent_bigquery_4638_payments_insights_payment_settlement_intent_kafka_to_bigquery_stg_stage_0_kafka_to_bigquery_stg_job.json
gcp_supplier_size_17216_app06742_DASCLM,load_kafka_to_landing,dags/TM01054/APP06742-gcp-Isf-Airflow-NSK-DAGs/sql/supplier_size/read_kafka_write_teradata.sql,gs://test-data-datametica/app09392/isf-artifacts/sql/supplier_size/read_kafka_write_teradata.sql,dags/TM01054/APP06742-gcp-Isf-Airflow-NSK-DAGs/user-config/development/argument_supplier_size_17216_app06742_DASCLM_load_kafka_to_landing.json,gs://test-data-datametica/app09392/isf-artifacts/user-config/argument_supplier_size_17216_app06742_DASCLM_load_kafka_to_landing.json
gcp_supplier_size_17216_app06742_DASCLM,load_kafka_to_landing,dags/TM01054/APP06742-gcp-Isf-Airflow-NSK-DAGs/sql/supplier_size/supplier_size_17216_app06742_DASCLM_load_read_kafka_write_teradata.sql,gs://test-data-datametica/app09392/isf-artifacts/sql/supplier_size/supplier_size_17216_app06742_DASCLM_load_read_kafka_write_teradata.sql,dags/TM01054/APP06742-gcp-Isf-Airflow-NSK-DAGs/user-config/production/argument_supplier_size_17216_app06742_DASCLM_load_kafka_to_landing.json,gs://test-data-datametica/app09392/isf-artifacts/user-config/argument_supplier_size_17216_app06742_DASCLM_load_kafka_to_landing.json
